{"comments":"x0,y0,x1,y1","numlines":67, "points_array":[
94.880352,44.163630,94.904276,43.106538,
94.904276,43.106538,99.973329,41.893546,
99.973329,41.893546,105.021206,41.136177,
105.021206,41.136177,110.017344,42.085469,
110.017344,42.085469,111.536696,44.392139,
111.536696,44.392139,114.771702,45.457047,
114.771702,45.457047,120.323481,47.617263,
120.323481,47.617263,114.311606,47.198006,
114.311606,47.198006,115.468220,49.413755,
115.468220,49.413755,117.829567,49.493951,
117.829567,49.493951,120.604669,53.206354,
120.604669,53.206354,126.239620,54.300474,
126.239620,54.300474,126.678997,50.386741,
126.678997,50.386741,128.936730,50.185086,
128.936730,50.185086,131.946487,47.741126,
131.946487,47.741126,134.508767,48.141504,
134.508767,48.141504,131.830417,43.222457,
131.830417,43.222457,127.024503,41.186340,
127.024503,41.186340,123.803395,39.262531,
123.803395,39.262531,121.436277,39.166691,
121.436277,39.166691,121.352640,40.928111,
121.352640,40.928111,119.856856,40.070308,
119.856856,40.070308,117.886406,38.615979,
117.886406,38.615979,119.790389,37.492151,
119.790389,37.492151,122.341610,37.416126,
122.341610,37.416126,122.564512,36.760857,
122.564512,36.760857,119.571030,35.116430,
119.571030,35.116430,119.573699,34.402450,
119.573699,34.402450,120.675150,32.803756,
120.675150,32.803756,122.297856,30.966321,
122.297856,30.966321,122.219232,29.200865,
122.219232,29.200865,119.867605,25.951357,
119.867605,25.951357,117.753713,23.925082,
117.753713,23.925082,115.359509,22.547386,
115.359509,22.547386,112.692692,21.525068,
112.692692,21.525068,110.120103,21.045082,
110.120103,21.045082,108.490300,21.491927,
108.490300,21.491927,106.747541,23.134445,
106.747541,23.134445,103.745861,22.468767,
103.745861,22.468767,101.173843,21.099060,
101.173843,21.099060,99.258889,22.953040,
99.258889,22.953040,97.682831,23.433959,
97.682831,23.433959,98.622878,25.181816,
98.622878,25.181816,98.509498,27.049705,
98.509498,27.049705,97.387206,27.695425,
97.387206,27.695425,94.901613,26.747753,
94.901613,26.747753,92.771543,26.367361,
92.771543,26.367361,91.878914,27.435540,
91.878914,27.435540,90.651066,27.745851,
90.651066,27.745851,89.073951,27.501575,
89.073951,27.501575,86.276054,27.935096,
86.276054,27.935096,83.455955,28.673190,
83.455955,28.673190,80.441043,29.881397,
80.441043,29.881397,79.226434,31.196657,
79.226434,31.196657,79.470771,33.089828,
79.470771,33.089828,77.061973,35.341974,
77.061973,35.341974,75.601346,36.977529,
75.601346,36.977529,74.273235,39.702560,
74.273235,39.702560,76.258801,40.816915,
76.258801,40.816915,79.542909,41.797184,
79.542909,41.797184,80.705986,43.698977,
80.705986,43.698977,81.658818,45.912340,
81.658818,45.912340,84.528673,46.676382,
84.528673,46.676382,87.212393,48.457411,
87.212393,48.457411,89.953936,47.262495,
89.953936,47.262495,91.629456,44.948098,
91.629456,44.948098,94.880352,44.163630
]}
